,Códigodo fundo,Setor,Preço Atual,Liquidez Diária,Dividendo,DividendYield,DY (3M)Acumulado,DY (6M)Acumulado,DY (12M)Acumulado,DY (3M)Média,DY (6M)Média,DY (12M)Média,DY Ano,Variação Preço,Rentab.Período,Rentab.Acumulada,PatrimônioLíq.,VPA,P/VPA,DYPatrimonial,VariaçãoPatrimonial,Rentab. Patr.no Período,Rentab. Patr.Acumulada,VacânciaFísica,VacânciaFinanceira,QuantidadeAtivos
0,FIVN11,Shoppings,"R$ 2,31",14779.0,"R$ 0,00","0,00%","0,00%","0,00%","0,00%","0,00%","0,00%","0,00%",N/A,"0,00%","0,00%","0,00%","R$ 65.746.443,59","R$ 6,98","0,33",N/A,N/A,N/A,N/A,"56,00%",N/A,1
1,BZLI11,Títulos e Val. Mob.,"R$ 14,70",44041.0,"R$ 0,00","0,00%","0,00%","0,00%","0,00%","0,00%","0,00%","0,00%","0,00%","0,68%","0,68%","1,14%","R$ 432.739.853,66","R$ 10,89","1,35",N/A,N/A,N/A,N/A,N/A,N/A,0
2,XTED11,Lajes Corporativas,"R$ 6,18",1331.0,"R$ 0,00","0,00%","0,00%","0,00%","0,00%","0,00%","0,00%","0,00%","0,00%","1,10%","1,10%","-37,83%","R$ 27.391.929,40","R$ 13,94","0,44",N/A,N/A,N/A,N/A,"0,00%","100,00%",1
3,ALMI11,Lajes Corporativas,"R$ 1.017,00",96.0,"R$ 0,00","0,00%","0,00%","0,00%","0,00%","0,00%","0,00%","0,00%","0,00%","2,27%","2,27%","-28,29%","R$ 250.487.663,18","R$ 2.253,05","0,45",N/A,N/A,N/A,N/A,"64,05%",N/A,1
4,PABY11,Híbrido,"R$ 8,35",401.0,"R$ 0,00","0,00%","0,00%","0,00%","0,00%","0,00%","0,00%","0,00%","0,00%","-19,84%","-19,84%","-31,62%","R$ -8.707.885,16","R$ -11,48","-0,73",N/A,N/A,N/A,N/A,N/A,N/A,1
5,ORPD11,Títulos e Val. Mob.,"R$ 128,79",1.0,"R$ 1,38",N/A,N/A,N/A,N/A,N/A,N/A,N/A,N/A,N/A,N/A,N/A,"R$ 44.135.940,94","R$ 152,19","0,85",N/A,N/A,N/A,N/A,N/A,N/A,0
6,FISC11,Lajes Corporativas,"R$ 165,00",200.0,"R$ 0,22","0,00%","0,00%","0,00%","0,00%","0,00%","0,00%","0,00%",N/A,"0,00%","0,00%","0,00%","R$ 257.842.245,51","R$ 151,67","1,09",N/A,N/A,N/A,N/A,N/A,N/A,0
7,PVBI11,Lajes Corporativas,"R$ 87,46",12886.0,"R$ 0,56","0,63%","1,87%","3,80%","7,21%","0,62%","0,63%","0,60%","0,63%","0,00%","0,63%","0,63%","R$ 996.715.875,77","R$ 99,28","0,88","0,56%","0,00%","0,56%","0,56%","0,10%",N/A,4
8,LVBI11,Logística,"R$ 98,56",25138.0,"R$ 0,71","0,72%","2,11%","4,24%","7,49%","0,70%","0,71%","0,62%","0,72%","0,00%","0,72%","0,72%","R$ 1.351.511.613,64","R$ 114,78","0,86","0,62%","0,00%","0,62%","0,62%","0,50%","0,00%",10
9,RBED11,Outros,"R$ 120,14",1137.0,"R$ 1,12","0,92%","2,68%","5,14%","9,46%","0,89%","0,86%","0,79%","1,85%","1,67%","2,60%","3,56%","R$ 286.192.341,31","R$ 141,57","0,85","0,79%","0,04%","0,83%","1,63%","0,00%",N/A,5
10,KNSC11,Títulos e Val. Mob.,"R$ 94,59",28449.0,"R$ 1,00","1,05%","3,74%","7,74%","13,52%","1,25%","1,29%","1,13%","2,31%","-4,19%","-3,19%","-1,97%","R$ 703.260.649,36","R$ 88,61","1,07","1,13%","-0,76%","0,36%","1,77%",N/A,N/A,0
11,JGPX11,Híbrido,"R$ 97,00",2871.0,"R$ 1,07","1,10%","0,00%","0,00%","0,00%","0,00%","0,00%","0,00%","2,18%","0,43%","1,54%","2,64%","R$ 80.715.047,82","R$ 95,17","1,02","1,12%","0,13%","1,25%","2,37%",N/A,N/A,0
12,KINP11,Residencial,"R$ 12,90",1688.0,"R$ 0,28","2,08%","5,93%","0,00%","0,00%","1,98%","0,00%","0,00%","4,58%","-3,93%","-1,93%","0,52%","R$ 50.442.483,46","R$ 7,06","1,83","3,96%","-1,31%","2,61%","7,63%",N/A,N/A,0
13,HGRU11,Híbrido,"R$ 108,99",20450.0,"R$ 0,76","0,67%","1,98%","3,93%","7,60%","0,66%","0,65%","0,63%","1,34%","-1,74%","-1,08%","-0,43%","R$ 2.183.937.740,13","R$ 118,65","0,92","0,64%","-0,08%","0,56%","1,21%","0,00%","0,00%",16
14,HGRE11,Lajes Corporativas,"R$ 120,66",13253.0,"R$ 0,69","0,53%","3,07%","4,72%","8,28%","1,02%","0,79%","0,69%","1,05%","-1,68%","-1,15%","-0,64%","R$ 1.950.300.222,04","R$ 165,03","0,73","0,42%","0,00%","0,42%","0,42%","26,48%","29,71%",21
15,HGLG11,Logística,"R$ 160,88",26661.0,"R$ 1,10","0,66%","2,33%","4,34%","8,46%","0,78%","0,72%","0,70%","1,31%","-1,85%","-1,20%","-0,56%","R$ 3.139.602.936,75","R$ 147,31","1,09","0,75%","0,00%","0,75%","0,75%","6,70%","6,40%",17
16,CBOP11,Lajes Corporativas,"R$ 59,19",93.0,"R$ 0,49","0,81%","5,61%","7,95%","11,96%","1,87%","1,32%","1,00%","1,48%","-16,89%","-16,21%","-15,65%","R$ 127.864.976,18","R$ 90,36","0,66","0,54%","-0,16%","0,38%","0,92%","33,59%","33,47%",1
17,KNRI11,Híbrido,"R$ 130,00",23206.0,"R$ 0,81","0,61%","1,84%","3,54%","6,43%","0,61%","0,59%","0,54%","1,22%","0,32%","0,93%","1,55%","R$ 3.797.233.579,76","R$ 157,19","0,83","0,52%","-0,25%","0,27%","0,78%","2,07%","6,80%",20
18,WPLZ11,Shoppings,"R$ 75,15",773.0,"R$ 0,30","0,42%","1,29%","2,38%","0,00%","0,43%","0,40%","0,00%","0,77%","-0,53%","-0,11%","0,24%","R$ 104.886.627,48","R$ 102,75","0,73","0,29%","0,08%","0,37%","0,62%","11,20%",N/A,1
19,ARRI11,Títulos e Val. Mob.,"R$ 97,64",4264.0,"R$ 1,30","1,29%","4,38%","8,54%","15,11%","1,46%","1,42%","1,26%","2,60%","-0,10%","1,19%","2,51%","R$ 96.611.486,40","R$ 92,16","1,06","1,41%","-0,32%","1,09%","2,52%",N/A,N/A,0
20,BPFF11,Títulos e Val. Mob.,"R$ 63,82",6074.0,"R$ 0,60","0,92%","2,63%","5,31%","9,71%","0,88%","0,89%","0,81%","1,80%","-5,37%","-4,50%","-3,66%","R$ 350.027.870,92","R$ 77,92","0,82","0,77%","-1,56%","-0,80%","-0,05%",N/A,N/A,0
21,HPDP11,Shoppings,"R$ 84,11",13.0,"R$ 0,45","0,53%","1,70%","3,12%","4,49%","0,57%","0,52%","0,37%","1,07%","1,81%","2,35%","2,90%","R$ 275.687.139,43","R$ 94,78","0,89","0,47%","0,00%","0,47%","0,95%","1,50%",N/A,1
22,PLCR11,Híbrido,"R$ 86,30",5113.0,"R$ 1,00","1,17%","3,48%","6,81%","12,16%","1,16%","1,14%","1,01%","2,35%","-3,04%","-1,91%","-0,75%","R$ 193.164.792,78","R$ 91,58","0,94","1,15%","0,00%","1,15%","1,15%",N/A,N/A,0
23,HGBS11,Shoppings,"R$ 161,51",18411.0,"R$ 1,15","0,69%","1,95%","3,58%","5,12%","0,65%","0,60%","0,43%","1,37%","0,35%","1,04%","1,74%","R$ 2.162.578.417,80","R$ 216,26","0,75","0,53%","0,53%","1,06%","1,60%","6,40%",N/A,17
24,MALL11,Shoppings,"R$ 99,50",17117.0,"R$ 0,72","0,73%","2,15%","4,15%","7,11%","0,72%","0,69%","0,59%","1,47%","2,48%","3,23%","4,00%","R$ 826.318.263,29","R$ 109,30","0,91","0,66%","0,00%","0,66%","0,66%","4,00%",N/A,8
25,HGIC11,Títulos e Val. Mob.,"R$ 109,00",4069.0,"R$ 1,20","1,05%","3,05%","5,86%","9,48%","1,02%","0,98%","0,79%","1,98%","7,01%","8,14%","9,14%","R$ 30.429.349,52","R$ 109,48","1,00","1,10%","1,35%","2,46%","3,40%",N/A,N/A,0
26,HOSI11,Híbrido,"R$ 71,36",48.0,"R$ 0,36","0,49%","1,75%","3,71%","7,59%","0,58%","0,62%","0,63%","1,00%","0,68%","1,18%","1,69%","R$ 53.326.274,73","R$ 92,99","0,77","0,39%","0,31%","0,70%","1,10%",N/A,N/A,2
27,HCHG11,Outros,"R$ 87,51",152.0,"R$ 0,80","0,91%","2,72%","5,04%","0,00%","0,91%","0,84%","0,00%","1,81%","-0,11%","0,79%","1,70%","R$ 117.982.259,71","R$ 98,32","0,89","0,81%","0,88%","1,70%","2,53%",N/A,N/A,0
28,HABT11,Títulos e Val. Mob.,"R$ 104,20",16746.0,"R$ 1,30","1,21%","3,46%","7,40%","15,58%","1,15%","1,23%","1,30%","2,28%","-3,28%","-2,12%","-1,06%","R$ 726.473.936,75","R$ 97,87","1,06","1,33%","-0,09%","1,23%","2,47%",N/A,N/A,0
29,FIGS11,Shoppings,"R$ 52,00",1345.0,"R$ 0,37","0,69%","2,00%","3,73%","5,70%","0,67%","0,62%","0,47%","1,36%","-2,37%","-1,69%","-1,03%","R$ 283.551.127,39","R$ 99,49","0,52","0,37%","-0,14%","0,23%","0,60%","12,70%",N/A,2
30,CXCO11,Lajes Corporativas,"R$ 76,77",2908.0,"R$ 0,65","0,86%","2,47%","4,82%","0,00%","0,82%","0,80%","0,00%","1,66%","-6,33%","-5,52%","-4,76%","R$ 377.077.381,92","R$ 96,08","0,80","0,68%","-0,09%","0,59%","1,28%",N/A,N/A,0
31,XPLG11,Logística,"R$ 100,90",77423.0,"R$ 0,66","0,72%","1,99%","3,95%","7,25%","0,66%","0,66%","0,60%","1,37%","-6,51%","-5,84%","-5,23%","R$ 3.021.986.048,41","R$ 111,51","0,90","0,59%","1,49%","2,09%","2,69%","9,00%","1,20%",13
32,HSML11,Shoppings,"R$ 72,50",32943.0,"R$ 0,60","0,78%","2,14%","4,20%","6,66%","0,71%","0,70%","0,55%","1,50%","1,05%","1,84%","2,57%","R$ 1.500.339.670,51","R$ 95,07","0,76","0,63%","0,00%","0,63%","1,21%","4,00%",N/A,5
33,URPR11,Outros,"R$ 116,17",36747.0,"R$ 1,64","1,40%","4,20%","8,90%","18,35%","1,40%","1,48%","1,53%","2,75%","-2,66%","-1,30%","0,04%","R$ 536.567.615,76","R$ 97,23","1,19","1,68%","1,62%","3,33%","5,09%",N/A,N/A,0
34,VRTA11,Títulos e Val. Mob.,"R$ 102,10",28177.0,"R$ 1,25","1,19%","3,51%","6,86%","12,17%","1,17%","1,14%","1,01%","2,37%","-0,14%","1,05%","2,24%","R$ 1.151.185.626,62","R$ 95,91","1,06","1,30%","-0,20%","1,10%","2,40%",N/A,N/A,0
35,RNGO11,Lajes Corporativas,"R$ 46,00",2414.0,"R$ 0,35","0,73%","2,08%","3,97%","7,54%","0,69%","0,66%","0,63%","1,42%","-6,57%","-5,88%","-5,24%","R$ 234.056.319,19","R$ 87,46","0,53","0,40%","-0,03%","0,37%","0,78%","24,00%",N/A,3
36,TGAR11,Outros,"R$ 110,39",29768.0,"R$ 1,22","1,09%","3,05%","5,94%","11,14%","1,02%","0,99%","0,93%","2,03%","-8,72%","-7,73%","-6,86%","R$ 1.483.080.875,79","R$ 131,14","0,84","0,93%","-0,41%","0,52%","1,41%",N/A,N/A,0
37,FVPQ11,Shoppings,"R$ 116,00",709.0,"R$ 0,72","0,60%","2,30%","3,57%","6,51%","0,77%","0,59%","0,54%","1,62%","18,92%","19,63%","20,85%","R$ 555.145.637,12","R$ 198,26","0,59","0,36%","0,05%","0,41%","0,94%","5,50%",N/A,1
38,RZTR11,Híbrido,"R$ 101,25",51649.0,"R$ 1,25","1,23%","3,66%","6,89%","11,46%","1,22%","1,15%","0,95%","2,43%","-2,41%","-1,21%","-0,02%","R$ 1.096.079.994,79","R$ 99,21","1,02","1,26%","-0,84%","0,41%","1,67%",N/A,N/A,10
39,SDIL11,Logística,"R$ 85,15",25692.0,"R$ 0,76","0,84%","2,56%","5,15%","8,94%","0,85%","0,86%","0,75%","1,72%","4,05%","4,92%","5,85%","R$ 623.706.754,09","R$ 97,53","0,87","0,78%","0,03%","0,81%","1,60%","2,60%",N/A,5
40,NVHO11,Hospital,"R$ 12,00",86.0,"R$ 0,08","0,67%","1,52%","3,41%","6,49%","0,51%","0,57%","0,54%","0,87%","-2,86%","-2,21%","-2,01%","R$ 527.093.490,84","R$ 12,70","0,94","0,61%","0,04%","0,64%","0,84%",N/A,N/A,1
41,RZAG11,Títulos e Val. Mob.,"R$ 9,97",78623.0,"R$ 0,11","1,10%","0,00%","0,00%","0,00%","0,00%","0,00%","0,00%","2,22%","1,83%","2,95%","4,10%","R$ 289.373.158,29","R$ 9,54","1,05","1,15%","-0,05%","1,11%","2,27%",N/A,N/A,0
42,LASC11,Shoppings,"R$ 89,40",1.0,"R$ 0,73","0,82%","1,87%","3,53%","6,16%","0,62%","0,59%","0,51%","1,22%","-1,19%","-0,38%","0,02%","R$ 283.304.571,65","R$ 112,50","0,79","0,32%","0,00%","0,32%","0,32%","3,10%",N/A,3
43,NSLU11,Hospital,"R$ 145,49",4653.0,"R$ 1,54","0,76%","2,26%","4,94%","9,49%","0,75%","0,82%","0,79%","0,76%","0,00%","0,76%","0,76%","R$ 222.505.047,87","R$ 194,36","0,75","0,70%","0,00%","0,70%","0,70%","0,00%",N/A,1
44,EVBI11,Híbrido,"R$ 92,00",31.0,"R$ 0,75","0,81%","2,60%","4,56%","8,27%","0,87%","0,76%","0,69%","0,81%","0,00%","0,81%","0,81%","R$ 139.438.160,75","R$ 99,76","0,92",N/A,N/A,N/A,N/A,"0,00%",N/A,2
45,PQDP11,Shoppings,"R$ 2.020,00",26.0,"R$ 17,51","0,86%","2,05%","4,22%","5,94%","0,68%","0,70%","0,49%","0,86%","0,00%","0,86%","0,86%","R$ 800.978.410,08","R$ 3.358,72","0,60","0,52%","0,00%","0,52%","0,52%","3,60%",N/A,1
46,FIIB11,Híbrido,"R$ 439,90",541.0,"R$ 3,20","0,69%","2,18%","4,38%","8,41%","0,73%","0,73%","0,70%","0,69%","0,00%","0,69%","0,69%","R$ 312.813.785,09","R$ 456,66","0,96",N/A,N/A,N/A,N/A,"6,28%",N/A,1
47,CACR11,Híbrido,"R$ 108,00",3277.0,"R$ 1,50","1,38%","4,20%","8,04%","14,28%","1,40%","1,34%","1,19%","2,77%","1,48%","2,88%","4,31%","R$ 154.006.050,98","R$ 101,71","1,06","1,47%","0,01%","1,49%","2,98%",N/A,N/A,0
48,BBFI11B,Lajes Corporativas,"R$ 1.993,10",229.0,"R$ 22,81","1,07%","3,78%","7,40%","13,83%","1,26%","1,23%","1,15%","2,12%","-6,35%","-5,35%","-4,35%","R$ 370.283.007,23","R$ 2.848,33","0,70","0,84%","0,00%","0,84%","0,84%","40,00%",N/A,2
49,VIUR11,Títulos e Val. Mob.,"R$ 72,14",8098.0,"R$ 0,70","0,95%","2,78%","5,31%","0,00%","0,93%","0,89%","0,00%","1,87%","-2,84%","-1,92%","-1,02%","R$ 259.739.532,45","R$ 96,39","0,75","0,73%","-0,22%","0,51%","1,24%","0,00%",N/A,6
50,VINO11,Lajes Corporativas,"R$ 47,21",30304.0,"R$ 0,34","0,72%","2,26%","5,21%","9,93%","0,75%","0,87%","0,83%","1,38%","-8,64%","-7,98%","-7,37%","R$ 913.114.249,27","R$ 55,12","0,86","0,62%","-0,52%","0,09%","0,70%","4,20%",N/A,9
51,VILG11,Logística,"R$ 99,37",22695.0,"R$ 0,70","0,68%","2,03%","3,99%","6,96%","0,68%","0,67%","0,58%","1,37%","-0,05%","0,63%","1,32%","R$ 1.707.690.790,18","R$ 113,87","0,87","0,61%","-0,06%","0,56%","1,18%","0,00%",N/A,16
52,VIFI11,Títulos e Val. Mob.,"R$ 76,99",12947.0,"R$ 0,66","0,82%","2,53%","5,06%","9,36%","0,84%","0,84%","0,78%","1,66%","3,28%","4,13%","5,01%","R$ 246.942.464,94","R$ 87,81","0,88","0,75%","-2,43%","-1,70%","-0,98%",N/A,N/A,0
53,CXCE11B,Outros,"R$ 39,99",561.0,"R$ 0,37","0,92%","2,55%","5,50%","12,54%","0,85%","0,92%","1,05%","1,73%","-11,47%","-10,66%","-9,93%","R$ 110.953.528,47","R$ 64,77","0,62","0,57%","-0,05%","0,52%","1,09%","0,00%",N/A,1
54,HSLG11,Logística,"R$ 87,38",13833.0,"R$ 0,63","0,70%","2,00%","4,07%","7,43%","0,67%","0,68%","0,62%","1,40%","0,28%","0,98%","1,69%","R$ 1.404.973.822,84","R$ 110,98","0,79","0,57%","-0,07%","0,50%","1,07%","1,10%",N/A,5
55,LUGG11,Residencial,"R$ 81,15",200.0,"R$ 0,54","0,64%","1,90%","3,60%","6,90%","0,63%","0,60%","0,57%","1,25%","-2,09%","-1,46%","-0,86%","R$ 112.533.541,54","R$ 125,04","0,65","0,43%","0,10%","0,53%","0,96%","2,40%",N/A,4
56,BBPO11,Lajes Corporativas,"R$ 87,50",18288.0,"R$ 0,89","0,98%","2,88%","5,68%","11,07%","0,96%","0,95%","0,92%","1,93%","-3,36%","-2,41%","-1,48%","R$ 1.525.946.877,89","R$ 95,85","0,91","0,93%","0,02%","0,95%","1,89%","0,00%","0,00%",64
57,KISU11,Títulos e Val. Mob.,"R$ 7,51",80849.0,"R$ 0,07","0,85%","2,51%","4,83%","8,53%","0,84%","0,80%","0,71%","1,65%","-6,14%","-5,34%","-4,59%","R$ 395.865.957,96","R$ 8,96","0,84","0,73%","-4,07%","-3,38%","-3,38%",N/A,N/A,0
58,ITIT11,Títulos e Val. Mob.,"R$ 70,80",620.0,"R$ 0,55","0,79%","2,27%","4,29%","0,00%","0,76%","0,72%","0,00%","1,52%","-3,20%","-2,43%","-1,72%","R$ 70.730.741,03","R$ 78,55","0,90","0,70%","-2,35%","-1,67%","-1,02%",N/A,N/A,0
59,RBFF11,Títulos e Val. Mob.,"R$ 50,98",4200.0,"R$ 0,47","0,94%","2,61%","5,14%","9,57%","0,87%","0,86%","0,80%","1,78%","-9,39%","-8,54%","-7,76%","R$ 240.788.827,03","R$ 64,22","0,79","0,73%","-1,68%","-0,96%","-0,25%",N/A,N/A,0
60,QIRI11,Títulos e Val. Mob.,"R$ 73,87",9.0,"R$ 0,66","0,79%","2,29%","4,15%","7,93%","0,76%","0,69%","0,66%","1,55%","-6,67%","-5,93%","-5,21%","R$ 13.020.889,64","R$ 86,81","0,85","0,76%","-1,36%","-0,61%","0,17%",N/A,N/A,0
61,VTLT11,Logística,"R$ 93,45",2108.0,"R$ 0,83","0,91%","2,59%","4,96%","9,20%","0,86%","0,83%","0,77%","1,81%","-0,37%","0,53%","1,44%","R$ 218.534.632,60","R$ 103,33","0,90","0,80%","0,05%","0,85%","1,66%","0,00%","0,00%",1
62,VLOL11,Lajes Corporativas,"R$ 94,60",982.0,"R$ 0,53","0,56%","1,66%","3,16%","5,79%","0,55%","0,53%","0,48%","1,10%","1,96%","2,52%","3,08%","R$ 184.741.086,79","R$ 103,51","0,91","0,51%","0,06%","0,57%","1,07%","0,00%",N/A,1
63,BCIA11,Títulos e Val. Mob.,"R$ 81,94",4103.0,"R$ 0,68","0,81%","2,29%","4,60%","8,56%","0,76%","0,77%","0,71%","1,55%","-2,74%","-1,95%","-1,23%","R$ 381.817.732,89","R$ 102,67","0,80","0,66%","-1,53%","-0,88%","-0,27%",N/A,N/A,0
64,YUFI11B,Residencial,N/A,N/A,"R$ 0,84","0,00%","0,00%","0,00%","0,00%","0,00%","0,00%","0,00%",N/A,"0,00%","0,00%","0,00%","R$ 41.354.358,01","R$ 104,65",N/A,"0,80%","0,20%","1,00%","1,52%",N/A,N/A,0
65,RNDP11,Títulos e Val. Mob.,"R$ 590,00",5.0,"R$ 3,29","0,53%","1,83%","3,53%","7,22%","0,61%","0,59%","0,60%","1,20%","2,52%","3,07%","3,76%","R$ 72.379.940,34","R$ 673,42","0,88","0,49%","0,12%","0,61%","1,20%",N/A,N/A,0
66,BTWR11,Lajes Corporativas,"R$ 108,00",1.0,"R$ 0,30","0,28%","0,28%","0,28%","0,00%","0,09%","0,05%","0,00%","0,28%","0,00%","0,28%","0,28%","R$ 87.869.004,84","R$ 108,58","0,99","0,28%","0,02%","0,30%","0,53%","12,00%",N/A,1
67,TRXF11,Outros,"R$ 99,06",12794.0,"R$ 0,80","0,79%","2,47%","4,77%","8,78%","0,82%","0,80%","0,73%","1,58%","-0,55%","0,24%","1,03%","R$ 728.035.210,89","R$ 100,49","0,99","0,80%","-0,34%","0,46%","1,26%","0,00%",N/A,44
68,APTO11,Híbrido,"R$ 10,80",344.0,"R$ 0,10","0,98%","0,00%","0,00%","0,00%","0,00%","0,00%","0,00%","1,87%","0,89%","1,88%","2,79%","R$ 39.162.601,54","R$ 9,76","1,11","1,02%","-0,79%","0,22%","0,22%",N/A,N/A,0
69,HSAF11,Títulos e Val. Mob.,"R$ 95,75",6012.0,"R$ 1,15","1,20%","3,41%","6,85%","12,85%","1,14%","1,14%","1,07%","2,36%","1,31%","2,52%","3,71%","R$ 168.086.377,04","R$ 94,77","1,01","1,21%","-0,80%","0,40%","1,56%",N/A,N/A,0
70,RBHG11,Títulos e Val. Mob.,"R$ 87,70",6191.0,"R$ 1,10","1,26%","4,01%","7,68%","12,52%","1,34%","1,28%","1,04%","2,33%","-2,23%","-0,99%","0,07%","R$ 167.602.388,18","R$ 97,02","0,90","1,13%","0,65%","1,79%","2,79%",N/A,N/A,0
71,EURO11,Logística,"R$ 209,99",701.0,"R$ 1,78","0,87%","2,56%","4,87%","8,92%","0,85%","0,81%","0,74%","1,73%","1,49%","2,37%","3,25%","R$ 119.908.139,20","R$ 312,31","0,67","0,57%","0,03%","0,60%","1,16%","0,00%",N/A,6
72,BBIM11,Títulos e Val. Mob.,N/A,N/A,"R$ 0,32","0,00%","0,00%","0,00%","0,00%","0,00%","0,00%","0,00%",N/A,"0,00%","0,00%","0,00%","R$ 48.810.423,80","R$ 47,16",N/A,"0,68%","-0,23%","0,45%","1,08%",N/A,N/A,0
73,NVIF11B,Outros,N/A,N/A,"R$ 0,44","0,00%","0,00%","0,00%","0,00%","0,00%","0,00%","0,00%",N/A,"0,00%","0,00%","0,00%","R$ 86.231.672,67","R$ 255,58",N/A,"0,23%","0,00%","0,23%","0,23%",N/A,N/A,0
74,MFII11,Híbrido,"R$ 103,44",3441.0,"R$ 1,17","1,10%","3,28%","6,59%","11,84%","1,09%","1,10%","0,99%","2,17%","-3,56%","-2,50%","-1,46%","R$ 463.373.976,33","R$ 111,74","0,93","1,05%","-1,70%","-0,67%","0,36%",N/A,N/A,9
75,RMAI11,Lajes Corporativas,"R$ 33,85",4901.0,"R$ 0,26","0,66%","1,74%","1,74%","1,74%","0,58%","0,29%","0,14%","1,74%","-1,75%","-1,10%","-0,04%","R$ 264.341.611,33","R$ 108,17","0,31",N/A,N/A,N/A,N/A,"23,44%",N/A,1
76,VVPR11,Híbrido,"R$ 94,65",2175.0,"R$ 0,79","0,85%","2,31%","4,59%","8,75%","0,77%","0,76%","0,73%","0,85%","0,00%","0,85%","0,85%","R$ 238.397.630,97","R$ 103,39","0,92","0,76%","0,00%","0,76%","0,76%","0,00%",N/A,6
77,VCJR11,Títulos e Val. Mob.,"R$ 95,55",17768.0,"R$ 1,08","1,10%","3,95%","7,97%","12,87%","1,32%","1,33%","1,07%","2,38%","-0,10%","1,00%","2,29%","R$ 1.260.864.667,15","R$ 94,34","1,01","1,14%","-0,02%","1,13%","2,47%",N/A,N/A,0
78,KNHY11,Títulos e Val. Mob.,"R$ 102,15",73487.0,"R$ 1,10","1,06%","3,64%","7,36%","13,66%","1,21%","1,23%","1,14%","2,27%","-2,54%","-1,51%","-0,31%","R$ 1.401.671.825,38","R$ 98,08","1,04","1,12%","-0,48%","0,64%","1,97%",N/A,N/A,0
79,KNIP11,Títulos e Val. Mob.,"R$ 98,60",172668.0,"R$ 1,08","1,05%","3,79%","7,77%","13,71%","1,26%","1,30%","1,14%","2,36%","-1,54%","-0,50%","0,80%","R$ 6.888.025.595,56","R$ 96,83","1,02","1,12%","-0,86%","0,25%","1,64%",N/A,N/A,0
80,KNCR11,Títulos e Val. Mob.,"R$ 99,66",85611.0,"R$ 0,83","0,83%","2,46%","4,25%","6,76%","0,82%","0,71%","0,56%","1,65%","0,09%","0,92%","1,75%","R$ 3.945.434.547,87","R$ 100,91","0,99","0,82%","-0,05%","0,77%","1,59%",N/A,N/A,0
81,VGHF11,Títulos e Val. Mob.,"R$ 9,97",503450.0,"R$ 0,16","1,55%","4,91%","9,21%","0,00%","1,64%","1,53%","0,00%","3,11%","0,00%","1,55%","3,13%","R$ 313.403.576,25","R$ 9,39","1,06","1,70%","0,00%","1,70%","1,70%",N/A,N/A,0
82,HGCR11,Títulos e Val. Mob.,"R$ 103,94",23474.0,"R$ 1,05","1,00%","3,16%","5,73%","10,63%","1,05%","0,96%","0,89%","1,98%","-0,80%","0,20%","1,18%","R$ 1.255.588.691,53","R$ 101,48","1,02","1,03%","-0,07%","0,96%","1,99%",N/A,N/A,0
83,HGPO11,Lajes Corporativas,"R$ 258,51",1016.0,"R$ 1,35","0,51%","1,59%","3,33%","6,60%","0,53%","0,56%","0,55%","1,03%","2,32%","2,84%","3,38%","R$ 469.957.867,11","R$ 268,08","0,96","0,50%","0,00%","0,51%","1,01%","4,99%","2,80%",2
84,HGFF11,Títulos e Val. Mob.,"R$ 68,85",5093.0,"R$ 0,58","0,82%","2,34%","4,59%","8,24%","0,78%","0,76%","0,69%","1,58%","-6,58%","-5,82%","-5,10%","R$ 253.041.374,27","R$ 88,36","0,78","0,66%","-1,45%","-0,81%","-0,16%",N/A,N/A,0
85,KFOF11,Títulos e Val. Mob.,"R$ 72,78",11941.0,"R$ 0,65","0,87%","2,49%","4,61%","8,70%","0,83%","0,77%","0,73%","1,70%","-2,00%","-1,14%","-0,33%","R$ 423.393.828,07","R$ 93,40","0,78","0,70%","-0,55%","0,14%","0,81%",N/A,N/A,0
86,OUJP11,Títulos e Val. Mob.,"R$ 91,40",6684.0,"R$ 1,25","1,40%","3,63%","6,88%","11,26%","1,21%","1,15%","0,94%","2,60%","-2,25%","-0,89%","0,31%","R$ 328.436.430,12","R$ 100,98","0,91","1,24%","0,00%","1,23%","2,34%",N/A,N/A,0
87,XPCA11,Títulos e Val. Mob.,"R$ 9,73",29709.0,"R$ 0,11","1,13%","0,00%","0,00%","0,00%","0,00%","0,00%","0,00%","2,17%","0,41%","1,55%","2,60%","R$ 134.947.595,51","R$ 9,58","1,02","1,15%","0,24%","1,39%","2,45%",N/A,N/A,0
88,BRCO11,Logística,"R$ 95,66",29453.0,"R$ 0,63","0,63%","1,89%","3,76%","6,86%","0,63%","0,63%","0,57%","1,28%","2,86%","3,51%","4,18%","R$ 1.755.760.912,93","R$ 118,80","0,81","0,53%","0,06%","0,59%","1,12%","0,00%","0,00%",10
89,PQAG11,Logística,"R$ 56,51",11.0,"R$ 0,40","0,70%","2,06%","3,82%","7,22%","0,69%","0,64%","0,60%","1,39%","0,83%","1,54%","2,24%","R$ 795.670.006,03","R$ 56,87","0,99","0,70%","0,01%","0,71%","1,40%","0,00%",N/A,1
90,HREC11,Títulos e Val. Mob.,"R$ 97,94",6.0,"R$ 0,90","0,91%","2,87%","5,49%","10,58%","0,96%","0,91%","0,88%","1,85%","2,56%","3,50%","4,47%","R$ 425.213.661,46","R$ 91,31","1,07","0,99%","-0,70%","0,28%","1,26%",N/A,N/A,0
91,BARI11,Títulos e Val. Mob.,"R$ 101,85",8312.0,"R$ 1,10","1,07%","3,41%","6,80%","12,81%","1,14%","1,13%","1,07%","2,11%","-1,67%","-0,62%","0,42%","R$ 470.871.857,99","R$ 101,61","1,00","1,08%","0,08%","1,16%","2,26%",N/A,N/A,0
92,HLOG11,Logística,"R$ 88,14",6756.0,"R$ 0,65","0,71%","2,07%","3,94%","7,28%","0,69%","0,66%","0,61%","1,41%","-1,33%","-0,63%","0,06%","R$ 478.192.752,62","R$ 112,52","0,78","0,58%","-0,09%","0,49%","1,07%","58,00%","0,00%",3
93,BLMO11,Lajes Corporativas,"R$ 25.993,81",8.0,"R$ 5,17","0,02%","0,00%","0,00%","0,00%","0,00%","0,00%","0,00%","0,02%","0,00%","0,02%","0,02%","R$ 110.765.375,33","R$ 29.171,81","0,89","0,02%","11,17%","11,19%","11,26%","0,00%",N/A,1
94,MXRF11,Híbrido,"R$ 9,07",433062.0,"R$ 0,09","0,98%","2,86%","5,35%","9,71%","0,95%","0,89%","0,81%","1,97%","1,32%","2,31%","3,32%","R$ 2.303.195.572,46","R$ 10,19","0,89","0,88%","-0,52%","0,36%","1,24%",N/A,N/A,0
95,JSRE11,Híbrido,"R$ 73,24",39006.0,"R$ 0,53","0,69%","1,99%","4,13%","7,67%","0,66%","0,69%","0,64%","1,35%","-3,04%","-2,38%","-1,73%","R$ 2.368.106.428,64","R$ 114,03","0,64","0,46%","-0,01%","0,45%","0,92%","13,80%","12,40%",5
96,HFOF11,Títulos e Val. Mob.,"R$ 74,29",27577.0,"R$ 0,60","0,78%","2,27%","4,47%","8,18%","0,76%","0,74%","0,68%","1,54%","-2,54%","-1,78%","-1,04%","R$ 1.931.049.373,41","R$ 84,01","0,88","0,71%","-0,82%","-0,11%","0,60%",N/A,N/A,0
97,RBRD11,Híbrido,"R$ 48,12",2441.0,"R$ 1,37","2,69%","3,52%","4,64%","5,15%","1,17%","0,77%","0,43%","3,11%","18,58%","21,77%","22,28%","R$ 131.604.318,70","R$ 71,07","0,68","1,93%","-1,62%","0,28%","0,53%","15,52%",N/A,4
98,QAMI11,Híbrido,"R$ 95,23",338.0,"R$ 1,21","1,25%","4,12%","8,54%","0,00%","1,37%","1,42%","0,00%","2,52%","-2,06%","-0,84%","0,42%","R$ 72.067.259,47","R$ 89,93","1,06","1,40%","0,00%","1,40%","1,40%",N/A,N/A,0
99,JPPA11,Títulos e Val. Mob.,"R$ 98,25",2297.0,"R$ 1,50","1,52%","4,18%","7,61%","13,71%","1,39%","1,27%","1,14%","2,75%","1,04%","2,57%","3,84%","R$ 62.912.690,40","R$ 104,17","0,94","1,44%","-1,62%","-0,21%","0,92%",N/A,N/A,0
100,HAAA11,Lajes Corporativas,"R$ 95,85",3.0,"R$ 0,54","0,56%","1,69%","3,40%","6,52%","0,56%","0,57%","0,54%","1,13%","0,20%","0,76%","1,33%","R$ 327.078.058,40","R$ 94,67","1,01","0,57%","-0,15%","0,42%","0,99%","17,00%",N/A,1
101,PATL11,Híbrido,"R$ 73,68",21053.0,"R$ 0,58","0,74%","2,27%","4,82%","8,84%","0,76%","0,80%","0,74%","1,51%","3,27%","4,04%","4,84%","R$ 489.804.878,58","R$ 98,13","0,75","0,59%","0,10%","0,69%","1,29%","0,00%","0,00%",4
102,JFLL11,Residencial,"R$ 71,42",1878.0,"R$ 0,62","0,83%","2,42%","5,02%","9,10%","0,81%","0,84%","0,76%","1,61%","-4,48%","-3,69%","-2,93%","R$ 150.282.517,11","R$ 100,15","0,71","0,62%","0,03%","0,65%","1,27%","28,00%",N/A,2
103,XPPR11,Outros,"R$ 54,80",23523.0,"R$ 0,45","0,77%","2,28%","4,90%","9,36%","0,76%","0,82%","0,78%","1,47%","-8,24%","-7,54%","-6,89%","R$ 577.562.461,09","R$ 78,94","0,69","0,57%","-3,56%","-3,01%","-2,48%","46,00%",N/A,4
104,PLOG11,Logística,"R$ 72,15",286.0,"R$ 0,78","1,08%","3,09%","5,87%","0,00%","1,03%","0,98%","0,00%","2,12%","-3,92%","-2,88%","-1,87%","R$ 75.169.048,30","R$ 100,23","0,72","0,78%","-0,05%","0,73%","1,51%","20,40%",N/A,1
105,CYCR11,,"R$ 99,99",52.0,"R$ 1,15","1,15%","0,00%","0,00%","0,00%","0,00%","0,00%","0,00%","2,29%","-0,82%","0,32%","1,46%","R$ 60.293.805,33","R$ 94,34","1,06","1,22%","0,00%","1,22%","1,22%",N/A,N/A,0
106,XPCI11,Outros,"R$ 94,50",20991.0,"R$ 1,10","1,15%","3,28%","6,35%","11,96%","1,09%","1,06%","1,00%","2,28%","-2,35%","-1,23%","-0,12%","R$ 653.897.742,25","R$ 94,93","1,00","1,16%","-0,24%","0,92%","2,08%",N/A,N/A,0
107,RBVA11,Outros,"R$ 91,79",5783.0,"R$ 0,92","0,98%","2,80%","5,51%","10,43%","0,93%","0,92%","0,87%","1,91%","-4,55%","-3,62%","-2,72%","R$ 1.194.185.478,87","R$ 103,05","0,89","0,89%","-0,04%","0,85%","1,75%","0,70%",N/A,72
108,SARE11,Híbrido,"R$ 69,02",10688.0,"R$ 0,62","0,89%","2,68%","5,26%","9,17%","0,89%","0,88%","0,76%","1,76%","-3,78%","-2,92%","-2,07%","R$ 914.143.858,69","R$ 98,99","0,70","0,63%","-0,21%","0,42%","1,05%","1,10%",N/A,3
109,ABCP11,Shoppings,"R$ 73,64",397.0,"R$ 0,45","0,58%","2,45%","4,66%","7,28%","0,82%","0,78%","0,61%","1,62%","4,00%","4,60%","5,69%","R$ 1.120.197.062,39","R$ 91,79","0,80","0,49%","0,06%","0,55%","1,39%","7,50%",N/A,1
110,NEWL11,Híbrido,"R$ 101,00",633.0,"R$ 0,80","0,79%","2,89%","5,26%","10,31%","0,96%","0,88%","0,86%","1,57%","-1,05%","-0,26%","0,52%","R$ 235.919.786,47","R$ 116,04","0,87","0,69%","0,22%","0,91%","1,61%","0,00%",N/A,2
111,BCRI11,Títulos e Val. Mob.,"R$ 110,42",12346.0,"R$ 1,20","1,08%","3,46%","6,62%","13,35%","1,15%","1,10%","1,11%","2,21%","-0,18%","0,90%","2,04%","R$ 667.338.209,03","R$ 106,64","1,04","1,13%","-0,05%","1,07%","2,25%",N/A,N/A,0
112,XPCM11,Lajes Corporativas,"R$ 16,86",5405.0,"R$ 0,16","0,92%","2,20%","4,93%","9,93%","0,73%","0,82%","0,83%","1,70%","-8,78%","-7,95%","-7,22%","R$ 131.409.546,95","R$ 54,42","0,31","0,29%","-0,49%","-0,20%","0,07%","100,00%",N/A,1
113,SPVJ11,Outros,N/A,N/A,"R$ 0,66","0,00%","0,00%","0,00%","0,00%","0,00%","0,00%","0,00%",N/A,"0,00%","0,00%","0,00%","R$ 679.321.344,40","R$ 107,62",N/A,"0,61%","-0,04%","0,58%","1,18%",N/A,N/A,0
114,SADI11,Títulos e Val. Mob.,"R$ 88,34",3511.0,"R$ 0,85","0,95%","2,67%","4,56%","6,73%","0,89%","0,76%","0,56%","1,84%","-0,78%","0,17%","1,06%","R$ 318.965.276,86","R$ 100,30","0,88","0,85%","-0,22%","0,63%","1,43%",N/A,N/A,0
115,SHPH11,Shoppings,"R$ 829,21",46.0,"R$ 4,15","0,51%","1,60%","2,87%","4,75%","0,53%","0,48%","0,40%","1,11%","0,46%","0,97%","1,57%","R$ 540.581.783,78","R$ 887,73","0,93","0,47%","-0,07%","0,39%","0,94%","10,80%",N/A,1
116,RBRS11,Híbrido,"R$ 62,01",57.0,"R$ 0,42","0,65%","1,92%","3,75%","7,05%","0,64%","0,62%","0,59%","1,27%","-4,52%","-3,90%","-3,31%","R$ 129.973.749,99","R$ 93,54","0,66","0,45%","0,04%","0,49%","0,94%",N/A,N/A,0
117,ATSA11,Shoppings,"R$ 96,00",8.0,"R$ 0,25","0,18%","0,59%","1,30%","2,97%","0,20%","0,22%","0,25%","0,37%","0,74%","0,92%","1,10%","R$ 155.689.321,16","R$ 88,91","1,08",N/A,N/A,N/A,N/A,"21,10%",N/A,1
118,SPTW11,Lajes Corporativas,"R$ 43,92",4090.0,"R$ 0,40","0,91%","2,65%","6,63%","21,80%","0,88%","1,10%","1,82%","1,79%","-2,69%","-1,81%","-0,94%","R$ 95.059.905,19","R$ 52,87","0,83","0,76%","0,12%","0,88%","1,64%","0,00%",N/A,1
119,HUSC11,Outros,"R$ 94,00",230.0,"R$ 0,47","0,47%","1,31%","3,13%","6,64%","0,44%","0,52%","0,55%","0,83%","-10,74%","-10,33%","-10,01%","R$ 113.395.965,68","R$ 142,71","0,66","0,33%","0,22%","0,55%","0,83%",N/A,N/A,0
120,VISC11,Shoppings,"R$ 97,31",20019.0,"R$ 0,68","0,68%","2,14%","3,96%","6,05%","0,71%","0,66%","0,50%","1,36%","-0,51%","0,17%","0,85%","R$ 2.055.228.227,11","R$ 116,14","0,84","0,59%","0,03%","0,62%","1,21%","7,40%",N/A,15
121,BNFS11,Outros,"R$ 120,08",1543.0,"R$ 1,25","1,00%","3,03%","6,02%","11,25%","1,01%","1,00%","0,94%","2,03%","-1,70%","-0,72%","0,30%","R$ 69.411.063,62","R$ 99,16","1,21","1,26%","0,08%","1,34%","2,68%","0,00%",N/A,18
122,PLRI11,Títulos e Val. Mob.,"R$ 40,41",160.0,"R$ 1,21","2,95%","6,21%","7,66%","10,66%","2,07%","1,28%","0,89%","5,69%","7,87%","11,05%","14,10%","R$ 38.359.793,29","R$ 40,20","1,01","3,01%","-4,43%","-1,55%","0,89%",N/A,N/A,0
123,IDFI11,Híbrido,"R$ 102,00",10.0,"R$ 1,03","1,01%","4,41%","0,00%","0,00%","1,47%","0,00%","0,00%","2,75%","0,05%","1,06%","2,81%","R$ 209.244.750,35","R$ 101,68","1,00","1,74%","0,00%","1,74%","1,74%",N/A,N/A,0
124,TEPP11,Lajes Corporativas,"R$ 66,27",2035.0,"R$ 0,47","0,66%","1,98%","4,04%","7,28%","0,66%","0,67%","0,61%","1,30%","-2,71%","-2,07%","-1,44%","R$ 383.223.626,19","R$ 90,77","0,73","0,52%","-0,29%","0,23%","0,23%","13,64%","13,22%",5
125,PORD11,Títulos e Val. Mob.,"R$ 93,05",13066.0,"R$ 1,10","1,17%","3,54%","6,70%","12,15%","1,18%","1,12%","1,01%","2,42%","0,77%","1,95%","3,22%","R$ 368.656.944,24","R$ 98,88","0,94","1,11%","-0,43%","0,67%","1,86%",N/A,N/A,0
126,HSRE11,Híbrido,"R$ 100,00",5.0,"R$ 0,56","0,56%","2,00%","3,72%","5,40%","0,67%","0,62%","0,45%","1,12%","0,00%","0,56%","1,12%","R$ 828.219.452,76","R$ 97,23","1,03","0,58%","0,02%","0,60%","1,18%","0,00%",N/A,29
127,STRX11,Híbrido,N/A,N/A,"R$ 1,02","0,00%","0,00%","0,00%","0,00%","0,00%","0,00%","0,00%",N/A,"0,00%","0,00%","0,00%","R$ 227.589.678,15","R$ 141,05",N/A,"0,72%","-0,03%","0,70%","1,21%",N/A,N/A,0
128,LGCP11,Logística,"R$ 79,80",2927.0,"R$ 0,60","0,76%","2,15%","4,20%","7,77%","0,72%","0,70%","0,65%","1,48%","-3,88%","-3,15%","-2,46%","R$ 278.915.521,65","R$ 102,06","0,78","0,59%","0,01%","0,60%","1,18%","0,50%",N/A,5
129,BTSG11,Híbrido,N/A,N/A,"R$ 0,79","0,00%","0,00%","0,00%","0,00%","0,00%","0,00%","0,00%",N/A,"0,00%","0,00%","0,00%","R$ 103.251.803,65","R$ 133,23",N/A,"0,59%","-0,01%","0,59%","1,18%",N/A,N/A,0
130,BICR11,Títulos e Val. Mob.,"R$ 93,93",6.0,"R$ 0,64","0,78%","1,88%","3,70%","5,78%","0,63%","0,62%","0,48%","1,29%","-13,07%","-12,39%","-11,95%","R$ 49.602.740,27","R$ 99,21","0,95","0,65%","-0,30%","0,34%","0,83%",N/A,N/A,0
131,BBRC11,Outros,"R$ 95,62",1196.0,"R$ 0,92","0,95%","2,69%","5,41%","10,02%","0,90%","0,90%","0,83%","1,85%","-3,43%","-2,51%","-1,64%","R$ 171.531.232,54","R$ 107,88","0,89","0,85%","0,22%","1,07%","1,92%","5,40%","1,10%",20
132,ITIP11,Títulos e Val. Mob.,"R$ 82,00",397.0,"R$ 0,95","1,15%","3,59%","6,81%","0,00%","1,20%","1,13%","0,00%","2,40%","1,23%","2,40%","3,67%","R$ 65.564.829,02","R$ 87,64","0,94","1,08%","-1,42%","-0,35%","0,78%",N/A,N/A,0
133,FIIP11B,Logística,"R$ 162,69",260.0,"R$ 1,28","0,78%","2,30%","4,60%","8,36%","0,77%","0,77%","0,70%","1,57%","0,60%","1,38%","2,19%","R$ 186.007.628,32","R$ 200,62","0,81","0,64%","0,09%","0,73%","1,39%","0,00%",N/A,7
134,VSHO11,Shoppings,"R$ 78,75",22.0,"R$ 0,57","0,72%","2,20%","4,45%","7,43%","0,73%","0,74%","0,62%","1,45%","0,64%","1,36%","2,10%","R$ 214.179.736,47","R$ 102,05","0,77","0,56%","0,08%","0,64%","1,20%","12,96%",N/A,3
135,VCRR11,Residencial,"R$ 70,00",4846.0,"R$ 0,67","0,90%","2,62%","5,23%","0,00%","0,87%","0,87%","0,00%","1,76%","-3,83%","-2,97%","-2,13%","R$ 239.243.565,92","R$ 119,62","0,59","0,56%","-0,01%","0,55%","1,11%",N/A,N/A,0
136,GTWR11,Lajes Corporativas,"R$ 77,00",5252.0,"R$ 0,74","0,91%","2,62%","5,15%","9,05%","0,87%","0,86%","0,75%","1,79%","-3,97%","-3,09%","-2,24%","R$ 1.182.472.616,64","R$ 98,54","0,78","0,75%","0,02%","0,78%","1,53%","0,00%","0,00%",1
137,GALG11,Híbrido,"R$ 93,01",7116.0,"R$ 0,82","0,84%","2,49%","4,98%","9,59%","0,83%","0,83%","0,80%","1,68%","-1,93%","-1,11%","-0,28%","R$ 624.578.657,94","R$ 108,65","0,86","0,75%","-0,49%","0,26%","1,03%","0,00%","0,00%",6
138,VOTS11,Títulos e Val. Mob.,"R$ 86,00",2.0,"R$ 1,08","1,27%","3,19%","5,52%","9,55%","1,06%","0,92%","0,80%","2,32%","1,26%","2,55%","3,62%","R$ 80.785.126,38","R$ 97,58","0,88","1,11%","-0,17%","0,94%","1,85%",N/A,N/A,0
139,RDPD11,Títulos e Val. Mob.,"R$ 55,99",825.0,"R$ 0,60","1,02%","2,81%","5,17%","9,46%","0,94%","0,86%","0,79%","2,00%","3,87%","4,93%","5,97%","R$ 64.421.516,24","R$ 59,76","0,94","1,00%","0,79%","1,80%","2,76%",N/A,N/A,0
140,RBVO11,Outros,"R$ 12,36",197.0,"R$ 0,07","0,54%","1,33%","2,18%","3,68%","0,44%","0,36%","0,31%","0,91%","5,04%","5,61%","6,00%","R$ 11.724.556,69","R$ 22,73","0,54","0,20%","0,00%","0,20%","0,20%",N/A,N/A,0
141,XPSF11,Outros,"R$ 70,48",7608.0,"R$ 0,66","0,91%","2,58%","5,30%","10,12%","0,86%","0,88%","0,84%","1,73%","-9,06%","-8,23%","-7,48%","R$ 370.250.982,09","R$ 85,50","0,82","0,77%","-2,97%","-2,22%","-1,50%",N/A,N/A,0
142,RBCO11,Lajes Corporativas,"R$ 48,91",1013.0,"R$ 0,35","0,71%","2,07%","4,45%","8,42%","0,69%","0,74%","0,70%","1,34%","-10,96%","-10,33%","-9,76%","R$ 326.365.137,53","R$ 86,36","0,57","0,41%","-13,83%","-13,48%","-13,48%","46,00%","50,00%",4
143,RRCI11,Títulos e Val. Mob.,"R$ 87,20",898.0,"R$ 1,20","1,38%","3,90%","7,23%","12,26%","1,30%","1,20%","1,02%","2,68%","1,63%","3,03%","4,38%","R$ 47.043.754,10","R$ 97,65","0,89","1,23%","0,29%","1,52%","2,69%",N/A,N/A,0
144,CXTL11,Logística,"R$ 283,00",33.0,"R$ 0,48","0,16%","0,67%","1,29%","0,00%","0,22%","0,22%","0,00%","0,42%","-6,12%","-5,97%","-5,73%","R$ 37.047.298,50","R$ 691,22","0,41","0,11%","0,00%","0,11%","0,11%","61,00%",N/A,3
145,RBHY11,Títulos e Val. Mob.,"R$ 100,05",1251.0,"R$ 1,30","1,29%","4,30%","8,45%","11,24%","1,43%","1,41%","0,94%","2,36%","-1,75%","-0,49%","0,58%","R$ 154.036.155,41","R$ 97,39","1,03","1,33%","-0,11%","1,22%","2,36%",N/A,N/A,0
146,FPAB11,Lajes Corporativas,"R$ 216,00",10.0,"R$ 1,45","0,66%","2,01%","3,79%","6,68%","0,67%","0,63%","0,56%","1,32%","-0,80%","-0,14%","0,52%","R$ 307.189.405,71","R$ 409,59","0,53","0,35%","0,00%","0,35%","0,71%","36,63%",N/A,1
147,BBFO11,Títulos e Val. Mob.,"R$ 72,48",822.0,"R$ 0,74","0,99%","2,97%","5,57%","9,31%","0,99%","0,93%","0,78%","2,10%","3,36%","4,38%","5,55%","R$ 339.529.116,07","R$ 84,80","0,85","0,87%","-2,14%","-1,29%","-0,37%",N/A,N/A,0
148,PATC11,Lajes Corporativas,"R$ 68,70",1671.0,"R$ 0,30","0,44%","1,37%","2,79%","5,57%","0,46%","0,46%","0,46%","0,90%","3,28%","3,74%","4,22%","R$ 300.857.960,49","R$ 86,52","0,79","0,35%","0,29%","0,64%","0,99%","21,90%","16,20%",6
149,AIEC11,Lajes Corporativas,"R$ 77,40",6846.0,"R$ 0,68","0,88%","2,49%","4,95%","9,01%","0,83%","0,83%","0,75%","1,66%","-1,52%","-0,65%","0,12%","R$ 491.831.341,80","R$ 101,93","0,76","0,67%","0,03%","0,69%","1,30%","0,00%",N/A,2
150,EDFO11B,Lajes Corporativas,"R$ 219,00",15.0,"R$ 1,46","0,68%","2,04%","3,95%","7,18%","0,68%","0,66%","0,60%","1,34%","-0,86%","-0,18%","0,47%","R$ 45.269.907,63","R$ 191,82","1,14","0,76%","0,03%","0,79%","1,53%","7,10%",N/A,1
151,MFAI11,Híbrido,"R$ 73,30",196.0,"R$ 0,83","1,10%","3,84%","6,32%","11,22%","1,28%","1,05%","0,94%","2,41%","0,56%","1,67%","3,00%","R$ 24.142.314,72","R$ 79,63","0,92","1,04%","-4,05%","-3,05%","-1,90%",N/A,N/A,0
152,HBRH11,Híbrido,"R$ 84,05",114.0,"R$ 0,79","0,93%","2,79%","5,91%","9,97%","0,93%","0,98%","0,83%","1,76%","-5,86%","-4,98%","-4,20%","R$ 311.924.582,28","R$ 112,52","0,75","0,71%","0,05%","0,76%","1,29%",N/A,N/A,3
153,RFOF11,Títulos e Val. Mob.,"R$ 67,90",1768.0,"R$ 0,65","0,94%","2,68%","5,20%","9,76%","0,89%","0,87%","0,81%","1,83%","-6,41%","-5,53%","-4,70%","R$ 89.666.823,28","R$ 83,17","0,82","0,78%","-3,82%","-3,07%","-3,07%",N/A,N/A,0
154,QAGR11,Outros,"R$ 48,99",13074.0,"R$ 0,39","0,77%","2,29%","4,59%","8,99%","0,76%","0,76%","0,75%","0,77%","0,00%","0,77%","0,77%","R$ 300.920.810,23","R$ 59,71","0,82",N/A,N/A,N/A,N/A,N/A,N/A,12
155,RBLG11,Logística,"R$ 87,00",38.0,"R$ 0,80","0,92%","2,72%","5,19%","7,80%","0,91%","0,87%","0,65%","0,92%","0,00%","0,92%","0,92%","R$ 65.767.433,36","R$ 102,73","0,85","0,78%","0,00%","0,78%","0,78%","0,00%",N/A,1
156,GGRC11,Logística,"R$ 101,65",15146.0,"R$ 0,85","0,81%","2,28%","4,43%","8,21%","0,76%","0,74%","0,68%","1,56%","-10,31%","-9,58%","-8,90%","R$ 1.024.952.664,93","R$ 132,11","0,77","0,64%","0,05%","0,69%","1,35%","0,00%","0,00%",15
157,CRFF11,Títulos e Val. Mob.,"R$ 64,50",847.0,"R$ 0,51","0,76%","2,24%","4,00%","7,50%","0,75%","0,67%","0,63%","1,49%","-3,04%","-2,31%","-1,59%","R$ 58.267.509,98","R$ 84,44","0,76","0,60%","-1,47%","-0,87%","-0,28%",N/A,N/A,0
158,CXRI11,Híbrido,"R$ 65,50",86.0,"R$ 0,51","0,78%","2,33%","4,25%","7,67%","0,78%","0,71%","0,64%","1,52%","-5,87%","-5,13%","-4,43%","R$ 131.175.731,07","R$ 83,25","0,79","0,61%","-1,81%","-1,21%","-0,61%",N/A,N/A,0
159,XPHT11,Hotel,"R$ 95,00",5561.0,"R$ 0,34","0,40%","1,05%","2,23%","0,00%","0,35%","0,37%","0,00%","1,05%","-18,27%","-17,94%","-16,89%","R$ 357.852.662,83","R$ 94,06","1,01",N/A,N/A,N/A,N/A,"64,90%",N/A,5
160,BREV11,Híbrido,"R$ 95,50",1.0,"R$ 0,55","0,58%","1,73%","3,42%","6,42%","0,58%","0,57%","0,54%","1,16%","0,01%","0,59%","1,18%","R$ 106.246.348,14","R$ 109,85","0,87","0,50%","0,02%","0,52%","1,03%","0,00%",N/A,12
161,SCPF11,Shoppings,"R$ 7,58",596.0,"R$ 0,01","0,08%","1,18%","1,90%","2,98%","0,39%","0,32%","0,25%","0,79%","0,00%","0,08%","0,79%","R$ 52.564.919,55","R$ 12,52","0,61","0,05%","0,18%","0,23%","0,68%","28,50%",N/A,1
162,FLMA11,Híbrido,"R$ 117,20",529.0,"R$ 0,67","0,58%","1,86%","3,14%","5,27%","0,62%","0,52%","0,44%","1,19%","-1,40%","-0,83%","-0,22%","R$ 216.387.877,66","R$ 156,73","0,75","0,43%","0,05%","0,48%","0,94%","11,00%",N/A,2
163,FATN11,Híbrido,"R$ 99,99",2.0,"R$ 0,76","0,79%","2,34%","4,50%","8,47%","0,78%","0,75%","0,71%","1,54%","-5,85%","-5,11%","-4,40%","R$ 82.067.257,62","R$ 101,18","0,99","0,75%","0,00%","0,75%","0,75%","0,00%",N/A,7
164,BIME11,,"R$ 9,54",6813.0,"R$ 0,11","1,16%","3,25%","0,00%","0,00%","1,08%","0,00%","0,00%","2,19%","-1,96%","-0,83%","0,20%","R$ 55.631.464,69","R$ 9,52","1,00","1,16%","-1,79%","-0,65%","0,37%",N/A,N/A,0
165,BLMR11,Títulos e Val. Mob.,"R$ 7,28",33357.0,"R$ 0,08","1,00%","2,98%","5,59%","10,21%","0,99%","0,93%","0,85%","1,94%","-6,01%","-5,07%","-4,18%","R$ 210.671.380,00","R$ 8,25","0,88","0,91%","-2,59%","-1,70%","-0,83%",N/A,N/A,0
166,ONEF11,Lajes Corporativas,"R$ 149,22",994.0,"R$ 0,90","0,58%","1,84%","3,38%","6,29%","0,61%","0,56%","0,52%","1,84%","6,69%","7,31%","15,69%","R$ 159.253.501,27","R$ 174,81","0,85","0,51%","0,02%","0,53%","1,03%","0,00%",N/A,1
167,RCRB11,Lajes Corporativas,"R$ 122,66",3834.0,"R$ 0,55","0,44%","1,28%","3,28%","6,52%","0,43%","0,55%","0,54%","1,28%","-3,47%","-3,05%","-1,83%","R$ 724.449.056,71","R$ 196,29","0,62","0,28%","-0,17%","0,11%","0,39%","21,90%",N/A,10
168,MBRF11,Outros,"R$ 715,00",21.0,"R$ 9,50","1,36%","3,93%","7,39%","12,52%","1,31%","1,23%","1,04%","3,93%","1,58%","2,97%","-8,60%","R$ 113.563.302,07","R$ 1.117,05","0,64","0,85%","0,07%","0,92%","1,78%","0,00%",N/A,2
169,HTMX11,Hotel,"R$ 74,50",1808.0,"R$ 0,00","0,00%","0,80%","2,20%","5,41%","0,27%","0,37%","0,45%","0,80%","-28,14%","-28,14%","-32,26%","R$ 161.517.402,88","R$ 128,49","0,58",N/A,N/A,N/A,N/A,"47,00%",N/A,23
170,EQIN11,Títulos e Val. Mob.,"R$ 93,50",7984.0,"R$ 1,33","1,41%","3,80%","7,24%","12,59%","1,27%","1,21%","1,05%","2,80%","0,23%","1,65%","3,07%","R$ 137.821.478,59","R$ 94,85","0,99","1,38%","0,00%","1,38%","1,38%",N/A,N/A,0
171,GSFI11,Shoppings,"R$ 4,32",18138.0,"R$ 0,00","0,03%","0,03%","0,03%","0,03%","0,01%","0,00%","0,00%","0,03%","0,00%","0,03%","0,03%","R$ 1.009.460.145,38","R$ 13,42","0,32",N/A,N/A,N/A,N/A,"10,30%",N/A,10
172,CEOC11,Lajes Corporativas,"R$ 56,20",232.0,"R$ 0,49","0,87%","2,42%","4,80%","8,78%","0,81%","0,80%","0,73%","1,69%","-2,71%","-1,86%","-1,06%","R$ 164.257.961,42","R$ 90,47","0,62","0,52%","0,00%","0,52%","0,52%","0,00%",N/A,1
173,NEWU11,Lajes Corporativas,"R$ 33,81",376.0,"R$ 0,00","0,00%","0,00%","0,56%","16,63%","0,00%","0,09%","1,39%","0,61%","-4,04%","-4,04%","-31,62%","R$ 48.320.261,53","R$ 65,12","0,52",N/A,N/A,N/A,N/A,"63,20%",N/A,3
174,PRSV11,Lajes Corporativas,"R$ 116,00",7.0,"R$ 1,62","0,42%","1,53%","2,91%","5,95%","0,51%","0,48%","0,50%","4,46%","5,30%","5,74%","-11,25%","R$ 46.748.513,01","R$ 239,74","0,48",N/A,N/A,N/A,N/A,"40,90%",N/A,2
175,FAMB11B,Lajes Corporativas,"R$ 835,01",13.0,"R$ 9,16","0,56%","2,17%","4,78%","10,43%","0,72%","0,80%","0,87%","8,82%","-47,80%","-47,51%","-47,80%","R$ 327.197.260,70","R$ 3.122,11","0,27",N/A,N/A,N/A,N/A,"100,00%",N/A,1
176,FMOF11,Lajes Corporativas,"R$ 66,98",2.0,"R$ 0,64",N/A,N/A,N/A,N/A,N/A,N/A,N/A,N/A,N/A,N/A,N/A,"R$ 62.393.527,40","R$ 122,82","0,55",N/A,N/A,N/A,N/A,"52,08%",N/A,1
177,HGRS11,Residencial,N/A,N/A,"R$ 0,00","0,00%","0,00%","0,00%","0,00%","0,00%","0,00%","0,00%",N/A,"0,00%","0,00%","0,00%","R$ 109.990.399,80","R$ 92,09",N/A,N/A,N/A,N/A,N/A,N/A,N/A,0
178,KNRE11,Residencial,"R$ 0,94",2756.0,"R$ 0,00","0,00%","0,00%","0,00%","0,00%","0,00%","0,00%","0,00%","0,00%","0,00%","0,00%","0,00%","R$ 9.431.481,23","R$ 0,51","1,85",N/A,N/A,N/A,N/A,N/A,N/A,0
179,BRCR11,Híbrido,"R$ 66,25",26804.0,"R$ 0,50","0,74%","2,15%","4,22%","7,63%","0,72%","0,70%","0,64%","0,74%","0,00%","0,74%","0,74%","R$ 2.809.345.315,52","R$ 105,46","0,63","0,47%","0,00%","0,47%","0,47%","27,30%","21,20%",15
180,JRDM11,Shoppings,"R$ 74,00",1241.0,"R$ 0,41","0,54%","2,57%","4,25%","6,39%","0,86%","0,71%","0,53%","0,54%","0,00%","0,54%","0,54%","R$ 220.413.917,32","R$ 87,36","0,85",N/A,N/A,N/A,N/A,"2,77%",N/A,1
181,MAXR11,Outros,"R$ 79,90",768.0,"R$ 0,30","0,36%","1,99%","4,37%","8,92%","0,66%","0,73%","0,74%","0,36%","0,00%","0,36%","0,36%","R$ 135.301.916,97","R$ 120,20","0,66",N/A,N/A,N/A,N/A,"2,80%",N/A,8
182,DVFF11,Híbrido,"R$ 78,57",44.0,"R$ 0,70","0,84%","2,37%","0,00%","0,00%","0,79%","0,00%","0,00%","1,64%","-5,70%","-4,91%","-4,15%","R$ 99.876.793,87","R$ 90,72","0,87","0,77%","-1,31%","-0,55%","0,21%",N/A,N/A,0
183,VSLH11,Outros,"R$ 9,39",224426.0,"R$ 0,12","1,26%","3,61%","7,92%","15,70%","1,20%","1,32%","1,31%","2,39%","-2,15%","-0,92%","0,19%","R$ 296.322.696,74","R$ 9,92","0,95","1,21%","0,27%","1,48%","2,61%",N/A,N/A,0
184,TORD11,Outros,"R$ 8,77",133552.0,"R$ 0,08","0,86%","2,52%","6,05%","10,56%","0,84%","1,01%","0,88%","1,69%","-4,15%","-3,32%","-2,51%","R$ 471.197.848,28","R$ 13,44","0,65","0,60%","-0,26%","0,33%","0,93%",N/A,N/A,0
185,SEQR11,Outros,"R$ 67,75",4457.0,"R$ 0,63","0,90%","2,60%","5,06%","9,92%","0,87%","0,84%","0,83%","1,77%","-3,41%","-2,54%","-1,69%","R$ 154.562.144,05","R$ 96,09","0,71","0,65%","0,02%","0,68%","1,33%","0,00%",N/A,0
186,BTCR11,Títulos e Val. Mob.,"R$ 94,01",5186.0,"R$ 1,10","1,20%","3,32%","5,97%","10,51%","1,11%","0,99%","0,88%","2,34%","-0,47%","0,73%","1,87%","R$ 461.078.110,46","R$ 95,86","0,98","1,15%","-2,51%","-1,39%","-0,33%",N/A,N/A,0
187,FEXC11,Títulos e Val. Mob.,"R$ 85,98",12111.0,"R$ 1,00","1,15%","3,26%","6,21%","11,32%","1,09%","1,03%","0,94%","2,22%","-1,91%","-0,79%","0,27%","R$ 565.514.948,63","R$ 92,65","0,93","1,08%","-0,67%","0,40%","1,42%",N/A,N/A,0
188,HCTR11,Outros,"R$ 115,40",199771.0,"R$ 1,40","1,14%","3,69%","7,60%","15,36%","1,23%","1,27%","1,28%","2,43%","-2,04%","-0,92%","0,35%","R$ 2.423.114.873,57","R$ 119,29","0,97","1,17%","1,40%","2,59%","3,99%",N/A,N/A,0
189,BCFF11,Títulos e Val. Mob.,"R$ 66,85",41888.0,"R$ 0,54","0,80%","2,32%","4,46%","8,14%","0,77%","0,74%","0,68%","1,55%","-5,82%","-5,06%","-4,35%","R$ 1.975.752.280,88","R$ 78,45","0,85","0,69%","0,00%","0,69%","0,69%",N/A,N/A,0
190,BLMG11,Logística,"R$ 79,21",5926.0,"R$ 0,80","0,90%","2,71%","5,53%","10,76%","0,90%","0,92%","0,90%","1,75%","-5,77%","-4,92%","-4,11%","R$ 383.566.653,90","R$ 100,66","0,79","0,86%","-0,95%","-0,09%","0,76%","0,00%","0,00%",4
191,DEVA11,Títulos e Val. Mob.,"R$ 96,26",103377.0,"R$ 1,18","1,16%","3,67%","7,73%","14,94%","1,22%","1,29%","1,25%","2,36%","-1,49%","-0,35%","0,85%","R$ 1.341.411.851,54","R$ 96,46","1,00","1,22%","-0,31%","0,91%","2,21%",N/A,N/A,0
192,MGFF11,Títulos e Val. Mob.,"R$ 61,06",28731.0,"R$ 0,55","0,89%","2,62%","4,91%","9,16%","0,87%","0,82%","0,76%","1,76%","-1,90%","-1,03%","-0,17%","R$ 705.006.354,13","R$ 77,90","0,78","0,71%","0,00%","0,71%","0,71%",N/A,N/A,0
193,FAED11,Outros,"R$ 132,00",339.0,"R$ 1,26","0,89%","2,60%","5,00%","9,28%","0,87%","0,83%","0,77%","1,77%","-1,74%","-0,87%","0,00%","R$ 138.833.934,64","R$ 216,20","0,61","0,59%","0,00%","0,59%","0,59%","0,00%",N/A,3
194,BMLC11,Lajes Corporativas,"R$ 91,07",550.0,"R$ 0,63","0,68%","2,34%","4,46%","8,16%","0,78%","0,74%","0,68%","1,30%","1,69%","2,39%","3,02%","R$ 109.089.410,72","R$ 109,26","0,83","0,51%","0,00%","0,51%","0,51%","0,00%",N/A,2
195,MGLG11,Logística,"R$ 49,56",1827.0,"R$ 0,60","1,15%","3,24%","0,00%","0,00%","1,08%","0,00%","0,00%","2,32%","-4,27%","-3,17%","-2,05%","R$ 87.957.969,64","R$ 76,17","0,65","0,79%","-9,12%","-8,41%","-7,72%","0,00%",N/A,3
196,RBRP11,Outros,"R$ 63,95",21048.0,"R$ 0,42","0,64%","1,94%","3,83%","6,60%","0,65%","0,64%","0,55%","1,29%","-5,91%","-5,31%","-4,69%","R$ 998.954.452,71","R$ 82,02","0,78","0,51%","-1,70%","-1,19%","-0,65%","13,00%","6,00%",17
197,RBRL11,Logística,"R$ 84,81",5645.0,"R$ 0,60","0,70%","2,26%","4,80%","8,67%","0,75%","0,80%","0,72%","1,35%","-6,58%","-5,93%","-5,31%","R$ 712.663.689,82","R$ 106,57","0,80","0,56%","-0,01%","0,55%","1,12%","0,00%","0,00%",6
198,FLCR11,Títulos e Val. Mob.,"R$ 97,56",231.0,"R$ 1,10","1,10%","4,22%","8,45%","0,00%","1,41%","1,41%","0,00%","2,49%","0,66%","1,77%","3,18%","R$ 50.767.777,26","R$ 101,54","0,96","1,08%","1,16%","2,26%","2,26%",N/A,N/A,0
199,RELG11,Híbrido,"R$ 73,00",2405.0,"R$ 0,70","0,89%","2,76%","5,78%","10,52%","0,92%","0,96%","0,88%","1,76%","-1,59%","-0,72%","0,14%","R$ 162.263.834,97","R$ 121,59","0,60","0,58%","-0,06%","0,51%","1,09%","10,40%","10,40%",3
200,RECR11,Títulos e Val. Mob.,"R$ 98,70",49134.0,"R$ 1,20","1,19%","3,66%","7,00%","13,32%","1,22%","1,17%","1,11%","2,21%","-2,47%","-1,31%","-0,30%","R$ 2.311.833.192,13","R$ 95,30","1,04","1,26%","-0,13%","1,12%","2,23%",N/A,N/A,0
201,RECT11,Híbrido,"R$ 63,90",9966.0,"R$ 0,50","0,74%","2,24%","4,61%","8,75%","0,75%","0,77%","0,73%","1,49%","-3,46%","-2,74%","-2,02%","R$ 797.501.241,94","R$ 97,50","0,66","0,51%","-0,16%","0,35%","0,89%","16,40%",N/A,8
202,GTLG11,,"R$ 99,99",1.0,"R$ 0,70","0,70%","2,11%","0,00%","0,00%","0,70%","0,00%","0,00%","1,41%","1,52%","2,23%","2,96%","R$ 699.410.585,54","R$ 97,51","1,03","0,72%","-0,44%","0,27%","0,99%",N/A,N/A,0
203,RBDS11,Residencial,"R$ 5,00",62.0,"R$ 0,00","0,00%","0,00%","0,00%","0,00%","0,00%","0,00%","0,00%","0,00%","0,00%","0,00%","0,00%","R$ 3.197.921,02","R$ 25,28","0,20",N/A,N/A,N/A,N/A,N/A,N/A,0
204,BLCA11,Lajes Corporativas,"R$ 98,00",287.0,"R$ 0,51","0,52%","0,52%","0,00%","0,00%","0,17%","0,00%","0,00%","0,52%","0,00%","0,52%","0,52%","R$ 155.911.988,62","R$ 97,44","1,01",N/A,N/A,N/A,N/A,"0,00%",N/A,1
205,CVBI11,Títulos e Val. Mob.,"R$ 99,87",37019.0,"R$ 1,12","1,10%","3,29%","6,72%","12,16%","1,10%","1,12%","1,01%","2,20%","-0,20%","0,90%","2,01%","R$ 1.052.787.214,91","R$ 100,11","1,00","1,12%","0,17%","1,29%","2,43%",N/A,N/A,0
206,RVBI11,Títulos e Val. Mob.,"R$ 76,75",3094.0,"R$ 0,75","0,95%","2,77%","5,53%","10,29%","0,92%","0,92%","0,86%","1,87%","-2,32%","-1,39%","-0,48%","R$ 125.342.584,12","R$ 87,04","0,88","0,86%","-0,78%","0,08%","0,93%",N/A,N/A,0
207,CPFF11,Híbrido,"R$ 68,50",19060.0,"R$ 0,63","0,89%","2,76%","5,02%","10,72%","0,92%","0,84%","0,89%","1,88%","-1,22%","-0,34%","0,65%","R$ 424.751.758,01","R$ 77,94","0,88","0,91%","0,00%","0,91%","0,91%",N/A,N/A,0
208,JSAF11,Títulos e Val. Mob.,"R$ 82,80",1472.0,"R$ 0,90","1,09%","0,00%","0,00%","0,00%","0,00%","0,00%","0,00%","2,18%","0,00%","1,09%","2,19%","R$ 151.918.738,31","R$ 96,58","0,86","0,93%","-0,97%","-0,05%","0,88%",N/A,N/A,0
209,VXXV11,Outros,"R$ 852,64",7038.0,"R$ 10,76",N/A,N/A,N/A,N/A,N/A,N/A,N/A,N/A,N/A,N/A,N/A,"R$ 127.252.326,08","R$ 719,84","1,18",N/A,N/A,N/A,N/A,N/A,N/A,0
210,BICE11,Títulos e Val. Mob.,N/A,N/A,"R$ 5,40","0,00%","0,00%","0,00%","0,00%","0,00%","0,00%","0,00%",N/A,"0,00%","0,00%","0,00%","R$ 10.120.315,68","R$ 912,48",N/A,N/A,N/A,N/A,N/A,N/A,N/A,0
211,HRDF11,Híbrido,"R$ 1,23",306.0,"R$ 6,80",N/A,N/A,N/A,N/A,N/A,N/A,N/A,N/A,N/A,N/A,N/A,"R$ 10.126.109,71","R$ 1,33","0,92",N/A,N/A,N/A,N/A,N/A,N/A,0
212,CJCT11,Lajes Corporativas,"R$ 72,99",1102.0,"R$ 0,00",N/A,N/A,N/A,N/A,N/A,N/A,N/A,N/A,N/A,N/A,N/A,"R$ 186.033.571,64","R$ 64,82","1,13",N/A,N/A,N/A,N/A,"59,00%",N/A,1
213,LFTT11,Residencial,"R$ 108,00",18319.0,"R$ 0,75",N/A,N/A,N/A,N/A,N/A,N/A,N/A,N/A,N/A,N/A,N/A,"R$ 425.557.771,50","R$ 60,58","1,78",N/A,N/A,N/A,N/A,N/A,N/A,0
214,IRDM11,Títulos e Val. Mob.,"R$ 106,99",85419.0,"R$ 1,22","1,13%","3,44%","6,71%","12,05%","1,15%","1,12%","1,00%","2,12%","-2,26%","-1,15%","-0,18%","R$ 3.208.708.568,71","R$ 97,10","1,10","1,12%","0,00%","1,12%","1,12%",N/A,N/A,0
215,CXAG11,Outros,"R$ 77,05",1174.0,"R$ 0,75","0,99%","0,00%","0,00%","0,00%","0,00%","0,00%","0,00%","0,99%","0,00%","0,99%","0,99%","R$ 214.367.378,45","R$ 102,54","0,75",N/A,N/A,N/A,N/A,N/A,N/A,0
216,GAME11,Híbrido,"R$ 11,44",1042.0,"R$ 1,20","1,05%","3,20%","0,00%","0,00%","1,07%","0,00%","0,00%","2,16%","5,36%","6,47%","7,65%","R$ 203.832.675,80","R$ 98,95","0,12","1,21%","0,16%","1,38%","2,61%",N/A,N/A,0
217,RBRR11,Títulos e Val. Mob.,"R$ 101,31",31181.0,"R$ 1,10","1,07%","3,22%","5,98%","10,74%","1,07%","1,00%","0,90%","2,14%","0,14%","1,21%","2,29%","R$ 1.023.024.300,27","R$ 98,73","1,03","1,11%","0,00%","1,11%","1,11%",N/A,N/A,0
218,RBRY11,Títulos e Val. Mob.,"R$ 106,00",14752.0,"R$ 1,15","1,10%","3,45%","6,38%","10,99%","1,15%","1,06%","0,92%","2,17%","-1,89%","-0,81%","0,25%","R$ 352.540.307,86","R$ 103,78","1,02","1,11%","0,00%","1,11%","1,11%",N/A,N/A,0
219,IBFF11,Títulos e Val. Mob.,"R$ 57,45",2551.0,"R$ 0,50","0,86%","2,54%","5,07%","9,09%","0,85%","0,85%","0,76%","1,71%","-1,86%","-1,01%","-0,18%","R$ 49.324.397,96","R$ 73,99","0,78","0,68%","0,00%","0,68%","0,68%",N/A,N/A,0
220,IBCR11,Títulos e Val. Mob.,"R$ 96,02",8958.0,"R$ 1,50","1,54%","4,64%","0,00%","0,00%","1,55%","0,00%","0,00%","3,09%","0,33%","1,88%","3,45%","R$ 77.771.979,92","R$ 96,86","0,99","1,55%","-0,80%","0,73%","2,28%",N/A,N/A,0
221,RBRF11,Títulos e Val. Mob.,"R$ 68,32",32515.0,"R$ 0,60","0,84%","2,48%","4,93%","9,16%","0,83%","0,82%","0,76%","1,67%","-2,04%","-1,21%","-0,40%","R$ 1.171.149.868,37","R$ 85,61","0,80","0,70%","0,00%","0,70%","0,70%",N/A,N/A,0
222,IRIM11,Híbrido,"R$ 110,18",2841.0,"R$ 1,89","1,67%","4,25%","0,00%","0,00%","1,42%","0,00%","0,00%","2,93%","1,82%","3,52%","4,82%","R$ 131.030.556,13","R$ 100,79","1,09","1,39%","0,00%","1,39%","1,39%",N/A,N/A,0
223,CPTS11,Títulos e Val. Mob.,"R$ 94,40",70378.0,"R$ 1,10","1,14%","3,40%","6,45%","12,46%","1,13%","1,07%","1,04%","2,27%","-0,92%","0,22%","1,35%","R$ 2.627.597.253,52","R$ 93,93","1,00","1,17%","0,00%","1,17%","1,17%",N/A,N/A,0
224,MGHT11,Hotel,"R$ 86,10",27.0,"R$ 0,80","0,94%","2,74%","5,20%","9,35%","0,91%","0,87%","0,78%","1,84%","-3,00%","-2,09%","-1,20%","R$ 129.541.875,37","R$ 98,60","0,87","0,81%","0,00%","0,81%","0,81%",N/A,N/A,0
225,MCHF11,Títulos e Val. Mob.,"R$ 10,09",202283.0,"R$ 0,11","1,08%","3,35%","0,00%","0,00%","1,12%","0,00%","0,00%","2,16%","0,59%","1,68%","2,78%","R$ 84.959.465,62","R$ 10,23","0,99","1,08%","0,00%","1,08%","1,08%",N/A,N/A,0
226,VGIR11,Títulos e Val. Mob.,"R$ 100,05",12402.0,"R$ 1,20","1,19%","3,19%","5,37%","9,10%","1,06%","0,90%","0,76%","2,27%","-0,81%","0,37%","1,46%","R$ 437.140.913,98","R$ 97,00","1,03","1,13%","0,00%","1,13%","1,13%",N/A,N/A,0
227,VGIP11,Outros,"R$ 99,92",21400.0,"R$ 1,20","1,19%","4,06%","8,20%","13,89%","1,35%","1,37%","1,16%","2,46%","0,02%","1,21%","2,49%","R$ 885.673.658,24","R$ 95,30","1,05","1,34%","0,00%","1,34%","1,34%",N/A,N/A,0
228,MCCI11,Títulos e Val. Mob.,"R$ 99,51",43257.0,"R$ 1,00","1,00%","2,95%","5,92%","11,09%","0,98%","0,99%","0,92%","1,98%","-1,22%","-0,24%","0,75%","R$ 1.202.207.530,32","R$ 96,82","1,03","1,03%","0,00%","1,03%","1,03%",N/A,N/A,0
229,VGIA11,Títulos e Val. Mob.,"R$ 10,25",16483.0,"R$ 0,14","1,34%","0,00%","0,00%","0,00%","0,00%","0,00%","0,00%","2,56%","-1,23%","0,09%","1,32%","R$ 95.678.226,98","R$ 9,51","1,08","1,37%","0,00%","1,37%","1,37%",N/A,N/A,0
230,TRNT11,Lajes Corporativas,"R$ 110,00",36.0,"R$ 0,39","0,35%","1,25%","2,16%","3,90%","0,42%","0,36%","0,32%","0,70%","1,92%","2,28%","2,63%","R$ 796.690.441,59","R$ 202,43","0,54","0,18%","0,00%","0,18%","0,18%","50,90%",N/A,1
231,HCRI11,Hospital,"R$ 268,20",182.0,"R$ 2,49","0,88%","2,36%","4,77%","9,33%","0,79%","0,80%","0,78%","1,62%","-18,08%","-17,35%","-16,74%","R$ 51.803.192,81","R$ 259,02","1,04","0,83%","0,00%","0,83%","0,83%","0,00%",N/A,1
232,BRLA11,Híbrido,"R$ 149,00",3692.0,"R$ 0,98","0,66%","2,02%","3,34%","3,34%","0,67%","0,56%","0,28%","1,32%","-1,33%","-0,68%","-0,03%","R$ 270.163.925,60","R$ 159,91","0,93","0,61%","0,00%","0,61%","0,61%",N/A,N/A,0
233,GCRI11,Títulos e Val. Mob.,"R$ 96,25",1005.0,"R$ 1,40","1,42%","4,03%","7,23%","0,00%","1,34%","1,21%","0,00%","2,64%","-0,16%","1,26%","2,49%","R$ 99.402.617,61","R$ 99,37","0,97","1,21%","0,00%","1,21%","1,21%",N/A,N/A,0
234,GCFF11,Títulos e Val. Mob.,"R$ 73,20",499.0,"R$ 0,75","1,01%","2,98%","5,70%","10,94%","0,99%","0,95%","0,91%","1,94%","-7,42%","-6,48%","-5,61%","R$ 30.849.715,41","R$ 91,11","0,80","0,82%","0,00%","0,82%","0,82%",N/A,N/A,0
235,MGCR11,Títulos e Val. Mob.,"R$ 85,65",1876.0,"R$ 1,00","1,16%","3,43%","6,41%","11,52%","1,14%","1,07%","0,96%","2,29%","-1,96%","-0,83%","0,30%","R$ 135.220.897,17","R$ 95,07","0,90","1,05%","0,00%","1,05%","1,05%",N/A,N/A,0
236,MORE11,Títulos e Val. Mob.,"R$ 71,70",8083.0,"R$ 0,70","0,94%","2,78%","5,39%","9,77%","0,93%","0,90%","0,81%","1,86%","-2,78%","-1,86%","-0,96%","R$ 207.536.642,14","R$ 89,49","0,80","0,78%","0,00%","0,78%","0,78%",N/A,N/A,0
237,BLCP11,Outros,"R$ 83,00",125.0,"R$ 0,51","0,61%","1,87%","3,05%","6,73%","0,62%","0,51%","0,56%","1,25%","3,69%","4,32%","4,99%","R$ 225.890.090,43","R$ 98,37","0,84","0,52%","0,00%","0,52%","0,52%","7,90%",N/A,2
238,NAVT11,Títulos e Val. Mob.,"R$ 72,17",1465.0,"R$ 0,75","1,04%","2,87%","5,37%","0,00%","0,96%","0,90%","0,00%","2,07%","-0,98%","0,05%","1,09%","R$ 95.922.268,24","R$ 90,96","0,79","0,82%","0,00%","0,82%","0,82%",N/A,N/A,0
239,DRIT11B,Lajes Corporativas,"R$ 87,00",14.0,"R$ 0,33","0,28%","0,80%","0,00%","0,00%","0,27%","0,00%","0,00%","1,28%","5,78%","6,07%","-7,42%","R$ 58.245.835,32","R$ 125,73","0,69",N/A,N/A,N/A,N/A,"10,47%",N/A,6
240,CTXT11,Lajes Corporativas,"R$ 21,71",410.0,"R$ 0,09","0,39%","0,78%","1,36%","5,53%","0,26%","0,23%","0,46%","1,36%","-2,58%","-2,20%","-39,31%","R$ 118.462.423,71","R$ 40,81","0,53",N/A,N/A,N/A,N/A,"97,00%",N/A,1
241,GESE11B,Outros,"R$ 1.520,00",300.0,"R$ 12,60","0,00%","0,00%","0,00%","0,00%","0,00%","0,00%","0,00%",N/A,"0,00%","0,00%","0,00%","R$ 85.824.028,11","R$ 1.650,46","0,92",N/A,N/A,N/A,N/A,N/A,N/A,0
242,XPIN11,Outros,"R$ 83,48",5446.0,"R$ 0,63","0,74%","2,11%","4,18%","7,76%","0,70%","0,70%","0,65%","0,74%","0,00%","0,74%","0,74%","R$ 781.411.670,94","R$ 109,28","0,76","0,56%","-0,44%","0,11%","0,69%","17,30%","12,00%",5
243,SRVD11,Títulos e Val. Mob.,"R$ 9,02",6.0,"R$ 0,10","1,01%","0,00%","0,00%","0,00%","0,00%","0,00%","0,00%","1,01%","0,00%","1,01%","1,01%","R$ 114.261.426,47","R$ 1,19","7,60",N/A,N/A,N/A,N/A,N/A,N/A,0
244,SNFF11,Títulos e Val. Mob.,"R$ 80,51",5976.0,"R$ 0,65","0,79%","2,24%","4,45%","0,00%","0,75%","0,74%","0,00%","1,53%","-7,03%","-6,29%","-5,60%","R$ 230.710.296,21","R$ 92,28","0,87","0,70%","0,00%","0,70%","0,70%",N/A,N/A,0
245,SNCI11,Títulos e Val. Mob.,"R$ 101,69",24330.0,"R$ 1,40","1,35%","3,84%","0,00%","0,00%","1,28%","0,00%","0,00%","2,69%","-0,57%","0,77%","2,12%","R$ 165.067.815,78","R$ 98,95","1,03","1,41%","-0,27%","1,14%","2,57%",N/A,N/A,0
246,AFHI11,Títulos e Val. Mob.,"R$ 100,68",5029.0,"R$ 1,30","1,27%","3,83%","7,43%","0,00%","1,28%","1,24%","0,00%","2,54%","-0,10%","1,17%","2,46%","R$ 173.063.751,55","R$ 96,81","1,04","1,34%","0,00%","1,34%","1,34%",N/A,N/A,0
247,OULG11,Outros,"R$ 45,60",1063.0,"R$ 0,17","0,38%","1,67%","4,37%","8,69%","0,56%","0,73%","0,72%","0,73%","-4,82%","-4,46%","-4,12%","R$ 183.004.418,34","R$ 73,75","0,62","0,23%","-0,08%","0,15%","0,38%","0,00%",N/A,2
248,OUFF11,Títulos e Val. Mob.,"R$ 63,10",5875.0,"R$ 0,68","1,04%","3,01%","5,84%","10,82%","1,00%","0,97%","0,90%","2,08%","0,08%","1,11%","2,16%","R$ 142.270.680,02","R$ 78,41","0,80","0,87%","-1,60%","-0,75%","0,10%",N/A,N/A,0
249,OURE11,Títulos e Val. Mob.,"R$ 81,00",1672.0,"R$ 0,80","0,97%","3,17%","6,99%","12,42%","1,06%","1,17%","1,04%","1,84%","-4,57%","-3,64%","-2,80%","R$ 99.122.277,31","R$ 92,03","0,88","0,87%","-0,46%","0,41%","1,22%",N/A,N/A,0
250,RBIR11,Residencial,"R$ 70,00",501.0,"R$ 0,00","0,00%","0,00%","0,00%","0,00%","0,00%","0,00%","0,00%","0,00%","0,00%","0,00%","0,00%","R$ 147.007.247,60","R$ 96,17","0,73",N/A,N/A,N/A,N/A,N/A,N/A,0
251,CARE11,Híbrido,"R$ 2,75",11701.0,"R$ 0,00","0,23%","0,66%","1,36%","1,60%","0,22%","0,23%","0,13%","1,36%","-2,63%","-2,41%","5,65%","R$ 284.526.894,35","R$ 7,95","0,35",N/A,N/A,N/A,N/A,N/A,N/A,0
252,AFOF11,Títulos e Val. Mob.,"R$ 93,10",478.0,"R$ 1,00","1,07%","3,11%","6,25%","0,00%","1,04%","1,04%","0,00%","2,14%","3,50%","4,61%","5,72%","R$ 69.843.469,38","R$ 101,05","0,92","0,99%","1,26%","2,26%","3,24%",N/A,N/A,0
253,RECX11,Outros,"R$ 84,84",16.0,"R$ 1,00","1,15%","3,34%","6,43%","0,00%","1,11%","1,07%","0,00%","2,21%","-8,71%","-7,66%","-6,68%","R$ 19.208.298,22","R$ 87,99","0,96","1,14%","0,00%","1,14%","1,14%",N/A,N/A,0
254,BTLG11,Logística,"R$ 103,90",29448.0,"R$ 0,72","0,70%","2,08%","4,15%","7,92%","0,69%","0,69%","0,66%","1,40%","0,77%","1,48%","2,19%","R$ 1.508.161.155,35","R$ 99,03","1,05","0,73%","0,00%","0,73%","0,73%",N/A,"2,00%",16
255,BLMC11,Outros,"R$ 98,47",9.0,"R$ 1,10","1,12%","3,36%","6,68%","9,98%","1,12%","1,11%","0,83%","2,24%","0,26%","1,38%","2,52%","R$ 38.715.880,93","R$ 96,91","1,02","1,14%","-3,64%","-2,55%","-1,48%",N/A,N/A,0
256,CORM11,Híbrido,"R$ 95,45",2006.0,"R$ 0,81","0,85%","2,75%","5,87%","0,00%","0,92%","0,98%","0,00%","1,71%","0,00%","0,85%","1,71%","R$ 87.421.299,18","R$ 95,30","1,00","0,85%","0,00%","0,85%","0,85%",N/A,N/A,0
257,ARCT11,Híbrido,"R$ 109,99",12060.0,"R$ 1,65","1,50%","4,45%","8,67%","14,61%","1,48%","1,45%","1,22%","2,87%","0,33%","1,84%","3,23%","R$ 287.765.894,46","R$ 99,96","1,10","1,50%","0,00%","1,50%","1,50%",N/A,N/A,4
258,RZAK11,Títulos e Val. Mob.,"R$ 93,46",7307.0,"R$ 1,30","1,39%","4,15%","7,46%","11,97%","1,38%","1,24%","1,00%","2,76%","-2,04%","-0,67%","0,68%","R$ 281.838.303,05","R$ 93,89","1,00","1,38%","0,00%","1,38%","1,38%",N/A,N/A,0
259,MATV11,Títulos e Val. Mob.,"R$ 98,00",1174.0,"R$ 1,30","1,33%","3,66%","0,00%","0,00%","1,22%","0,00%","0,00%","2,45%","0,01%","1,34%","2,47%","R$ 33.908.738,45","R$ 97,64","1,00","1,13%","0,00%","1,13%","1,13%",N/A,N/A,0
260,MCHY11,Títulos e Val. Mob.,"R$ 115,89",45438.0,"R$ 1,30","1,18%","3,44%","6,79%","0,00%","1,15%","1,13%","0,00%","2,35%","-0,90%","0,27%","1,44%","R$ 361.739.642,10","R$ 102,27","1,13","1,27%","0,00%","1,27%","1,27%",N/A,N/A,0
261,ERCR11,Híbrido,"R$ 76.000,00",1.0,"R$ 684,38","0,00%","0,00%","0,00%","0,00%","0,00%","0,00%","0,00%",N/A,"0,00%","0,00%","0,00%","R$ 169.526.970,92","R$ 71.349,74","1,07","1,37%","-0,47%","0,89%","0,90%",N/A,N/A,0
262,CCRF11,Títulos e Val. Mob.,"R$ 99,13",177.0,"R$ 1,35","1,35%","3,73%","0,00%","0,00%","1,24%","0,00%","0,00%","1,35%","0,00%","1,35%","1,35%","R$ 157.222.002,74","R$ 100,02","0,99","1,05%","-0,16%","0,89%","2,25%",N/A,N/A,0
263,EQIR11,Títulos e Val. Mob.,"R$ 99,80",59.0,"R$ 1,05","1,07%","0,00%","0,00%","0,00%","0,00%","0,00%","0,00%","1,07%","0,00%","1,07%","1,07%","R$ 51.073.367,48","R$ 101,64","0,98","1,03%","0,00%","1,03%","1,03%",N/A,N/A,0
264,CNES11,Lajes Corporativas,"R$ 33,34",283.0,"R$ 0,13","0,39%","1,19%","2,14%","3,39%","0,40%","0,36%","0,28%","0,39%","0,00%","0,39%","0,39%","R$ 255.388.232,33","R$ 86,59","0,39","0,15%","0,00%","0,15%","0,15%","56,70%",N/A,1
265,MORC11,Títulos e Val. Mob.,"R$ 100,19",3639.0,"R$ 1,11","1,11%","3,61%","0,00%","0,00%","1,20%","0,00%","0,00%","1,11%","0,00%","1,11%","1,11%","R$ 78.646.991,18","R$ 100,84","0,99","1,10%","0,00%","1,10%","1,10%",N/A,N/A,0
266,BTAL11,Outros,"R$ 97,10",8728.0,"R$ 0,80","0,85%","2,56%","5,10%","0,00%","0,85%","0,85%","0,00%","0,85%","0,00%","0,85%","0,85%","R$ 617.128.957,81","R$ 103,15","0,94","0,78%","0,00%","0,78%","0,78%",N/A,N/A,7
267,VJFD11,Híbrido,N/A,N/A,"R$ 0,86","0,00%","0,00%","0,00%","0,00%","0,00%","0,00%","0,00%",N/A,"0,00%","0,00%","0,00%","R$ 650.064.545,92","R$ 133,32",N/A,N/A,N/A,N/A,N/A,N/A,N/A,0
268,WTSP11B,Híbrido,"R$ 43,88",1.0,"R$ 0,48","1,01%","2,53%","4,46%","6,33%","0,84%","0,74%","0,53%","6,10%","-4,02%","-3,05%","-3,60%","R$ 77.799.824,27","R$ 78,38","0,56","0,40%","3,55%","3,97%","3,97%",N/A,N/A,0
269,FLRP11,Shoppings,"R$ 1.210,00",12.0,"R$ 8,00","0,67%","1,91%","3,38%","5,62%","0,64%","0,56%","0,47%","0,67%","0,00%","0,67%","0,67%","R$ 112.198.420,79","R$ 1.719,99","0,70","0,47%","0,00%","0,47%","0,47%","2,01%",N/A,1
270,XPML11,Shoppings,"R$ 90,27",19362.0,"R$ 0,60","0,64%","2,12%","3,78%","5,91%","0,71%","0,63%","0,49%","0,64%","0,00%","0,64%","0,64%","R$ 1.900.952.211,41","R$ 101,76","0,89","0,59%","0,00%","0,59%","0,59%","4,00%",N/A,13
271,ALZR11,Logística,"R$ 109,80",11569.0,"R$ 0,73","0,62%","1,88%","3,61%","6,77%","0,63%","0,60%","0,56%","0,62%","0,00%","0,62%","0,62%","R$ 642.593.457,02","R$ 108,51","1,01","0,67%","0,00%","0,67%","0,67%","0,00%",N/A,15
272,BPML11,Shoppings,"R$ 66,00",98.0,"R$ 0,40","0,61%","1,51%","0,00%","0,00%","0,50%","0,00%","0,00%","3,71%","-8,92%","-8,36%","-10,41%","R$ 576.793.099,42","R$ 133,98","0,49","0,26%","0,00%","0,26%","0,26%","5,80%",N/A,7
273,BTRA11,Outros,"R$ 100,46",10477.0,"R$ 0,90","0,92%","2,81%","4,99%","0,00%","0,94%","0,83%","0,00%","0,92%","0,00%","0,92%","0,92%","R$ 347.617.328,85","R$ 103,32","0,97",N/A,N/A,N/A,N/A,N/A,N/A,0
274,EDGA11,Lajes Corporativas,"R$ 19,40",1878.0,"R$ 0,11","0,49%","1,29%","2,71%","6,04%","0,43%","0,45%","0,50%","0,49%","0,00%","0,49%","0,49%","R$ 252.515.454,02","R$ 66,24","0,29","0,16%","0,00%","0,16%","0,16%","48,81%",N/A,1
275,FCFL11,Outros,"R$ 110,00",5715.0,"R$ 0,83","0,72%","2,20%","4,30%","7,84%","0,73%","0,72%","0,65%","0,72%","0,00%","0,72%","0,72%","R$ 363.944.321,16","R$ 104,76","1,05","0,79%","0,00%","0,79%","0,79%","0,00%",N/A,1
276,RBGS11,Shoppings,"R$ 28,45",5157.0,"R$ 0,18","0,62%","1,59%","2,73%","5,12%","0,53%","0,46%","0,43%","5,12%","-1,90%","-1,29%","-28,71%","R$ 97.865.283,71","R$ 90,78","0,31","0,18%","0,00%","0,18%","1,17%","13,00%",N/A,1
